gene,p_value,adjusted_p_value,annotation
gene_2,0.00018892874584433688,0.01889287458443369,Pathway B
